site_no,communications,strategic_features,water_supply,land_total,land_pct_cultivated,land_irrigated_ha,population,special_features
1,"Mainline (land); 9 km N of best port in region","Fairly well protected except to NE; wide view over productive countryside and harbor","Fair spring 1 km NE","2.8 km radius; 2,463 ha",95.00,48.00,"800 min. (from archaeological clues only)","Discovered 1939; excavated in 1952–66; administrative center of large kingdom in LHIIIB; local capital from late in MH through LHIIIA; some protection from NW winds"
2,"Mainline (land); 6 km from sea",NULL,NULL,NULL,NULL,NULL,NULL,"Chamber tomb and tholos excavated by Taylour 1958–59; probably extension of cemetery area belonging to #1"
3,"Mainline (land); 3 km from sea","On road from harbor to palace",NULL,"2 km radius; 1,256 ha",95.00,40.00,130,"Possibly small manufacturing center"
4,"Near mainline (land); excellent (sea)",NULL,"Fair spring 50 m E","2 km radius; 1,256 ha",95.00,NULL,390,"Tested by Marinatos; badly eroded"
5,"3 km from sea",NULL,NULL,NULL,NULL,NULL,NULL,"Excavated by Kourouniotis; review of pottery suggests this earliest known tholos in region; connected with #12"
6,"Secondary (land); excellent (sea)","Strong defensive position commanding entrance to little bay",NULL,NULL,NULL,NULL,78?,"Typical EH site"
7,"Secondary (land); excellent (sea)",NULL,NULL,"2 km radius; 1,963 ha",90.00,15.00,NULL,"Apparently N part of lagoon bed above water level at times between Early Bronze and Early Iron Age"
8,NULL,NULL,NULL,NULL,NULL,NULL,NULL,"Excavated by Marinatos"
9,"Secondary (land); excellent (sea)","Strong defensive position—probably main harbor town for palace",NULL,"0.3 km radius; 28 ha",NULL,NULL,182,"Tested by Marinatos"
10,"Secondary (land); excellent (sea)","Spacious natural shelter",NULL,"see #7",NULL,NULL,"Half dozen families","Tested by Blegen and Theocharis; possibly shrine in LH and later"
11,"2 km from sea",NULL,NULL,NULL,NULL,NULL,NULL,"Excavated by Skias, Kourouniotis, Marinatos; related settlement unclear; very important for transition from Bronze to Iron Age"
12,"Secondary (land); 2½ km to sea",NULL,NULL,"2.3 km radius; 1,662 ha",90.00,24.00,?,"Excavated by Marinatos"
13,"3 km to sea",NULL,NULL,NULL,NULL,NULL,NULL,"Probably related to #1"
14,"3½ km to sea",NULL,NULL,NULL,NULL,NULL,NULL,"Probably related to #1"
15,"Mainline? (land); fair (sea); 2 km","Close to excellent land","Small spring immed. S","3.3 km radius; 3,421 ha",80.00,18.00,247,NULL
16,"Mainline? (land); fair (sea); 3 km","Strong defensive position","River and copious spring ca. 1½ km N","2.4 km radius; 1,810 ha",65.00,NULL,234,NULL
17,"Secondary? (land); 8 km to sea",NULL,"Fair spring at NE foot","4.1 km radius; 5,081 ha",80.00,NULL,NULL,"Fairly recent occupation has probably obscured ancient evidence"
18,"7 km to sea",NULL,NULL,NULL,NULL,NULL,NULL,"Second smaller artificial mound ca. 200 m NE"
19,"Near mainline? (land); 9 km to sea",NULL,"Small spring ca. 200 m N","3.6 km radius; 4,071 ha",90.00,NULL,130,"Since discovery in 1953, intensive cultivation has completely obscured surface pottery"
20,"11 km to sea",NULL,"Copious spring ca. 300 m NNE","3.4 km radius; 3,632 ha",90.00,10.00,"Relatively large; extensive re-use of tombs may suggest special cult significance","Extensive excavation by Marinatos; no habitation site identified but must have been nearer than #1 (ca. 4 km)"
21,"Isolated (land); 9 km to sea",NULL,"Fair spring at E foot; poor spring on W flank","3.1 km radius; 3,019 ha",50.00,20.00,52,NULL
22,"8 km to sea",NULL,NULL,NULL,NULL,NULL,NULL,"Excavated by Marinatos"
23,"Mainline (land); 7 km to sea",NULL,"Copious spring immed. E","2.4 km radius; 1,810 ha",85.00,64.00,"52 (min.)","Tholos excavated by Choremis"
24,"Mainline (land); 8 km to sea",NULL,"2 fair springs in immed. area","3.1 km radius; 3,019 ha",90.00,NULL,NULL,NULL
25,"Mainline (land); 6 km to sea","Strong defensive position","Fair spring at E foot; stream immed. adjacent","2.6 km radius; 1,385 ha",95.00,32.00,"104 (min.)","Excavated by Marinatos; possibly at least 1 additional habitation site in vicinity; this general area had astonishing number of royal" burials""
26,"Secondary (land); 5 km to sea",NULL,NULL,NULL,NULL,NULL,"Obviously heavily populated area but data lacking for estimate","Excavated by Marinatos; widely separated and more than 1 habitation complex almost certain"
27,"Mainline (land); 4 km to sea","Biggest water source in area; aqueduct to modern Pylos since Turkish times","Copious spring ca. 300 m E","2.3 km radius; 1,662 ha",95.00,32.00,130,NULL
28,"Secondary (land); 8 km to sea",NULL,"Stream near S foot; poorly watered area","3.4 km radius; 3,632 ha",70.00,NULL,65,NULL
29,"Mainline (land); excellent (sea), 2 km",NULL,NULL,"2.2 km radius; 1,520 ha",70.00,0.00,65,NULL
30,"Secondary (land); 2 km to sea",NULL,"Poor spring at SW foot","0.8 km radius; 201 ha",95.00,0.00,39,NULL
31,"Mainline (land); excellent (sea), 1½ km","Near W end of major E-W highway","Above well-watered valley","1.2 km radius; 452 ha",90.00,65.00,325,NULL
32,"Mainline (land); excellent (sea), 1 km","Strong defensive position on main E-W highway overlooking Navarino Bay","Yianouzaga River (perennial) and copious springs close to NW foot","1.4 km radius; 616 ha",75.00,180.00,234,"Local rumors of tombs"
33,"Close to mainline (land); 3 km to sea",NULL,"Fair spring 500 m E","2.1 km radius; 1,385 ha",90.00,NULL,169,NULL
34,"Near mainline (land); high above bay (sea)","Excellent lookout over S entrance to bay",NULL,"1.9 km radius; 1,134 ha",45.00,NULL,39,NULL
35,"Secondary (land); fair (sea), 1½ km",NULL,"Poorly watered area","1.7 km radius; 908 ha",25.00,NULL,91,NULL
36,"Secondary (land); 5 km to sea",NULL,"Fair spring below W edge","2.1 km radius; 1,385 ha",90.00,NULL,390,"Trial excavation by Marinatos"
37,"Secondary (land); 5 km to sea",NULL,NULL,NULL,NULL,NULL,NULL,NULL
38,"6 km to sea",NULL,NULL,NULL,NULL,NULL,NULL,NULL
39,"7 km to sea",NULL,"Copious spring at N foot","1.4 km radius; 616 ha",90.00,NULL,NULL,NULL
40,"Secondary (land); fair (sea), 6 km",NULL,NULL,"1.7 km radius; 908 ha",95.00,NULL,182,NULL
41,"Secondary (land); 7 km to sea",NULL,"Copious spring 200 m S","2.1 km radius; 1,385 ha",90.00,NULL,234,NULL
42,"8 km to sea",NULL,NULL,NULL,NULL,NULL,NULL,"See p. 135 of Ch. 8; excavated by Marinatos; LHIIIC sealstone found at Afaonlax ca. 300 m NE of mound"
43,"Secondary (land); 8 km to sea",NULL,NULL,NULL,NULL,NULL,NULL,"Excavated by Marinatos"
44,"9 km to sea",NULL,NULL,NULL,NULL,NULL,NULL,"Excavated by Marinatos"
45,"Secondary (land); 8 km to sea","Good lookout toward E for palace",NULL,"1.9 km radius; 1,134 ha",90.00,NULL,NULL,"Tested by Papathanasopoulos, who suggests small village, army post, or private estate here"
46,"9 km",NULL,NULL,NULL,NULL,NULL,NULL,"Magnificent view in all directions"
47,"Isolated (land); fair (sea)","Good coastal lookout","Copious spring along highway ca. 600 m E; Langouvardhos River (perennial) immed. to N","1.7 km radius; 908 ha",95.00,NULL,260,"Typical of several W coast sites at river mouths"
48,"Secondary (land); 4 km to sea","Strong defensive position controlling some good land and prob. interior land route","Dhipotamo River (perennial) at S foot; modern village pipes water from spring 2 km E","1.6 km radius; 804 ha",50.00,NULL,234,NULL
49,"Secondary (land); 4 km to sea",NULL,"Dhipotamo River (perennial) ca. 50 m E","1.9 km radius; 1,134 ha",50.00,NULL,104,NULL
50,"Secondary (land); 3 km to sea",NULL,"Stream ca. 700 m N; farmers depend on wells","2.5 km radius; 1,963 ha",65.00,NULL,156,NULL
51,"Secondary? (on probable line of route of penetration from coast to Valta area); 4 km to sea",NULL,"Spring-fed river at E foot","2.1 km radius; 1,385 ha",55.00,NULL,234,NULL
52,"Secondary (land); 4 km to sea","Controls E end of pass thru escarpment from Filiatra to Valta","Fair spring ca. 100 m S","2.1 km radius; 1,385 ha",40.00,NULL,52,NULL
53,"Secondary (land); 3 km to sea","Tremendous view to W; controls route from coast in vicinity of Filiatra into interior","Poor spring ca. 100 m W","2.2 km radius; 1,520 ha",60.00,NULL,585,NULL
54,"Mainline; 2 km to sea",NULL,"Local farmers depend entirely on wells","1.9 km radius; 1,134 ha",95.00,12.00,351,NULL
55,"Isolated (land); fair (sea)","River mouth possibly usable as harbor; good coastal lookout","Poor spring halfway down N side (near cave)","1.7 km radius; 908 ha",95.00,24.00,156,NULL
56,"Secondary (land); 3½ km to sea",NULL,"Stream below N edge; local residents depend on wells","2.9 km radius; 2,642 ha",80.00,73.00,52,NULL
57,"Isolated (land); 3½ km to sea",NULL,"Copious spring immed. to S in ravine","2.3 km radius; 1,662 ha",95.00,201.00,NULL,"Likely Paleolithic site"
58,"4 km to sea",NULL,"Fair spring immed. to N; another ca. 400 m farther N","3.4 km radius; 3,632 ha",60.00,99.00,NULL,NULL
59,"3 km to sea",NULL,"Small spring immed. to SW","2.2 km radius; 1,520 ha",95.00,62.00,26,NULL
60,"Crossroads (land); good (sea)","Strong defensive position controlling N-S land traffic and W end of major E-W route into interior; one of few fairly sheltered spots on W coast","Possibly brought from #72 (as today)","2.8 km radius; 2,463 ha",65.00,217.00,"130 (min.)","Excavation (R only) by Yalouris and Papathanasopoulos"
61,"4 km to sea",NULL,NULL,NULL,NULL,NULL,NULL,"Chance find reported by Marinatos"
62,"Secondary (land); 4 km to sea",NULL,"2 copious springs bracket site","3.5 km radius; 3,848 ha",55.00,65.00,117,NULL
63,"Isolated (land); 16 km to sea",NULL,"Very copious spring at N foot; headwaters of Karia River (see #100)","3.5 km radius; 3,848 ha",40.00,35.00,156,"Ruins of recent village at E end of ridge"
64,"Secondary (land); 3 km to sea",NULL,"Fair spring at SW foot","2.1 km radius; 1,385 ha",35.00,NULL,39,NULL
65,"Secondary (land); 4 km to sea",NULL,"M cisterns suggest water scarce","4.1 km radius; 5,027 ha",65.00,NULL,130,NULL
66,"5 km to sea",NULL,NULL,NULL,NULL,NULL,NULL,NULL
67,"Secondary (land); 9 km to sea","Strong defensive position on height of land with very extensive view","Very copious spring 500 m NE; copious spring 300 m NW","5.0 km radius; 7,854 ha",85.00,12.00,104,"Only good water in large area; supplies several villages"
68,"Isolated (?); 5 km to sea","Excellent view in all directions","Fair spring on lower E slope","5.0 km radius; 7,854 ha",85.00,NULL,104,NULL
69,"Secondary (land); excellent (sea)","Good acropolis above relatively sheltered beach","Fair spring 600 m W","3.2 km radius; 3,217 ha",85.00,10.00,325,NULL
70,"If present island was end of peninsula, excellent protection (sea)",NULL,NULL,"3.3 km radius; 3,421 ha (on mainland opposite)",80.00,NULL,52,"First reported by Choremis and trial excavation followed"
71,"Crossroads (land); well-protected harbor at Petalidhi ca. 4 km SE; ca. 2 km to nearest point on coast","Commands pass on southern highway between W and E Messenia; very strong defensive position; exceptionally wide view","Copious spring 800 m NW; Karia (Skarias) River immed. to E with perennial flow (12,420 lpm flow); Velika River 1½ km farther E with perennial flow","3.1 km radius; 3,019 ha",80.00,376.00,"520 (595 total in 2 modern villages bracketing site)","Acropolis tested by Yalouris and McDonald (1959); salvage excavations in cemeteries by Yalouris, Papathanasopoulos, Choremis, Karageorya 1960ff.; excavation of acropolis by UMME 1969ff."
72,"Mainline (land); 6 km to sea",NULL,NULL,NULL,NULL,NULL,NULL,NULL
73,"Secondary (land); 5 km to sea",NULL,"Copious spring at E foot","3.5 km radius; 3,848 ha",85.00,25.00,234,NULL
74,"Isolated (land); 7 km to sea","Natural fortress with extensive view to N and W","Perennial stream in gorge below","2.5 km radius; 1,963 ha",85.00,3.00,143,NULL
75,"Isolated (land); 3 km to sea","Excellent lookout to NE, E, and SE",NULL,"3.9 km radius; 4,778 ha",70.00,16.00,39,NULL
76,"Isolated (land); 1 km to sea","Magnificent view to coast far below","Streams to N and S have some water in early summer; nearest village depends on well","2.4 km radius; 1,810 ha",80.00,NULL,208,NULL
77,"Very isolated (land); 2 km to sea",NULL,"Small spring at S foot","2.4 km radius; 1,810 ha",80.00,NULL,NULL,NULL
78,"Mainline (land); good (sea), 1 km",NULL,"Small spring on E slope; copious spring 3½ km W and higher","2.8 km radius; 2,463 ha",85.00,NULL,234,"Tested by Yalouris and McDonald (1959) and shown to be very badly eroded"
79,"Secondary (land); 3 km to sea",NULL,"Good spring at W foot","3.1 km radius; 3,019 ha",90.00,NULL,78,NULL
80,"Secondary (land); fair (sea), 2 km","Center of extremely fertile area (now almost entirely in vines)",NULL,"2.3 km radius; 1,662 ha",95.00,NULL,195,"Bronze cauldron (in Kalamata museum) salvaged from tholos and sword reportedly found; Marinatos later cleared remains of structure; pithos frags. and rim of bronze vessel 0.235 diam. from probable tholos"
81,"Isolated (land); fair (sea), 2 km",NULL,"Two springs in stream bed immed. to S (one supplies Koroni)","2.3 km radius; 1,662 ha",95.00,NULL,130,NULL
82,"Isolated (land); 3 km to sea","Spectacular view down to S, E, and N","Fair springs 150 m SW and 300 m S","3.0 km radius; 2,827 ha",70.00,10.00,195,NULL
83,"Isolated? (land); fair (sea)",NULL,"Perennial river","2.0 km radius; 1,257 ha",95.00,30.00,104,NULL
84,"Very isolated (land); 3 km to sea",NULL,"Perennial river","2.7 km radius; 2,290 ha",95.00,NULL,NULL,NULL
85,"Secondary (land); 7 km to sea",NULL,"Small springs immed. NE and 100 m E","3.9 km radius; 4,778 ha",90.00,17.00,195,NULL
86,"Mainline? (land); 11 km to sea","Highest point in fertile plateau","Fair spring 200 m SW","4.5 km radius; 6,362 ha",90.00,20.00,195,"Pottery quality suggests close connections with major centers"
87,"Isolated? (land); 17 km to sea",NULL,"Fair spring 300 m S-SE","4.3 km radius; 4,301 ha",60.00,NULL,286,NULL
88,"Isolated (land); 17 km to sea",NULL,"Spring-fed river immed. below",NULL,NULL,NULL,NULL,"Quite possibly a sanctuary in LH (modern chapel of Ayii Anaryiri inside)"
89,"Isolated (land); 18 km to sea",NULL,"Small spring on W slope; copious spring S of Chalyatsou; river in valley to W","3.9 km radius; 4,778 ha",55.00,45.00,"585 (max.)",NULL
90,"Secondary (land); 18 km to sea",NULL,"Several small springs in valley to S","3.5 km radius; 3,848 ha",60.00,25.00,130,NULL
91,"Secondary (land); 18 km to sea","Fine view down toward gulf to SE","Good spring 400 m SW","4.0 km radius; 5,027 ha",60.00,5.00,338,NULL
92,"Secondary (land); 15 km to sea",NULL,"Copious spring 200 m NW (supplies Trikorfo)","4.2 km radius; 5,542 ha",85.00,15.00,234,NULL
93,"Mainline (land); 14 km to sea",NULL,NULL,"3.7 km radius; 4,301 ha",NULL,NULL,NULL,"Being used as clay pit for tile factory; trial excavation by Papathanasopoulos established stratification"
94,"Mainline (land); 13 km to sea","At W end of probable ford over Pamisos","Spring 250 m E-NE (50 lpm); swamp further E (738 lpm)","1.9 km radius; 1,134 ha",95.00,18.00,"39 (min.), 100 (max.)","Slightly higher above river than #124"
95,"see #123","see #123","see #123","see #123",NULL,NULL,NULL,NULL
96,"Mainline (land); 10 km to sea",NULL,"Small spring 500 m E","3.9 km radius; 4,778 ha",90.00,14.00,195,NULL
97,"Mainline (land); 7 km to sea","Best location for town controlling river ford on southernmost route across Pamisos Valley","Perennial river","2.7 km radius; 2,290 ha",95.00,NULL,208,NULL
98,"14 km to sea",NULL,NULL,NULL,NULL,NULL,NULL,NULL
99,"Mainline (land); 6 km to sea",NULL,NULL,"2.4 km radius; 1,810 ha",95.00,NULL,NULL,NULL
100,"Mainline (land); 5 km to sea",NULL,NULL,"2.3 km radius; 1,662 ha",95.00,NULL,65,NULL
101,"Isolated (land); fair (sea)",NULL,NULL,"1.8 km radius; 1,018 ha",95.00,NULL,NULL,NULL
102,"Mainline? (land); 4 km to sea",NULL,"Small spring in valley to S","4.1 km radius; 5,081 ha",95.00,NULL,NULL,"Contents saved from chamber tomb now in Kalamata museum"
103,"Mainline? (land); 17 km to sea","Dominating greatest water source in Messenia","Tremendous springs just to SE","3.5 km radius; 3,848 ha",75.00,NULL,"195 (max.)","Probably most of land too wet for cultivation"
104,NULL,NULL,NULL,NULL,NULL,NULL,NULL,"Vases chance find; Valmin later conceded fortifications probably modern"
105,"Mainline (land); 16 km to sea",NULL,"Tremendous springs form source of Pamisos River; mean flow at 4.8 m3/sec.","3.1 km radius; 3,019 ha",75.00,NULL,156,NULL
106,"Mainline (land); 13 km to sea","Probably river crossing here (ruins of previous bridge)","Fair spring immed. S; perennial river","3.3 km radius; 3,421 ha",95.00,NULL,NULL,NULL
107,"Mainline? (land); 13 km to sea","Fine water source supplies modern Kalamata","Mean flow 1.2 m3/sec.","4.2 km radius; 5,542 ha",70.00,NULL,520,NULL
108,"Mainline (land); 8 km to sea","Large but defensible acropolis; road to pass through Taygetos Mts. skirts N end of acropolis","2 small springs on W slopes; river to E","2.8 km radius; 2,463 ha",90.00,NULL,"780 (LH)",NULL
109,"Very isolated (land); 13 km to sea",NULL,"Well near chapel","5.0 km radius; 7,854 ha",5.00,NULL,260,"Probable refuge site and shrine"
110,"Mainline (land); 7 km to sea",NULL,"Fair spring near cemetery(?)","3.4 km radius; 3,632 ha",85.00,NULL,78,NULL
111,"Isolated (land); 5 km to sea","Superb view to Kalamata area","Fair spring 400 m SE","5.0 km radius; 7,854 ha",20.00,NULL,104,"Inscriptions support Kalamai equation"
112,"Mainline (land); excellent (sea), 3 km",NULL,NULL,"2.6 km radius; 2,124 ha",80.00,NULL,260,NULL
113,"Mainline (land); excellent (sea), 2½ km distant sea","Controls approach to fertile Pamisos Valley from sea",NULL,"2.6 km radius; 2,124 ha",80.00,NULL,NULL,NULL
114,"Close to mainline (land); excellent (sea), 1 km","Secluded lookout over Kalamata area and gulf","Good spring in gully to E","3.0 km radius; 2,827 ha",35.00,NULL,130,NULL
115,"Secondary (land); fair (sea), 1 km",NULL,"Good spring 500 m SE","3.0 km radius; 2,827 ha",65.00,NULL,91,NULL
116,"Isolated (land); 7 km to sea",NULL,NULL,"5.0 km radius; 7,854 ha",30.00,5.00,NULL,NULL
117,"Secondary (land); 5 km to sea",NULL,NULL,"5.0 km radius; 7,854 ha",50.00,25.00,NULL,"Tholos excavated by Tsountas (seals, beads, ivory, steatite, lead figurines)"
118,"Secondary (land); fair (sea)",NULL,"River immed. N","3.6 km radius; 4,071 ha",65.00,35.00,"720 (max.)","Unusually retentive name"
119,"Secondary (land); fair (sea)",NULL,"Critical now (grain does not mature)","3.4 km radius; 3,632 ha",90.00,NULL,"650 (max.)",NULL
120,"Secondary (land); fair (sea)",NULL,"Fair spring at water’s edge in village","2.9 km radius; 2,647 ha",70.00,NULL,260,NULL
121,"2 km to sea",NULL,"2 springs","3.6 km radius; 4,071 ha",40.00,NULL,NULL,NULL
122,"Isolated (land); probably excellent (sea)","Protection of delta marshes?","Perennial river","Marshy area difficult or impossible to cultivate",NULL,NULL,NULL,"Plan of major EH bldgs. reminiscent of House of Tiles at Lerna; excavated by Themelis and Karageorya"
123,"Mainline (land); 5 km to sea","Strong defensive position, controlling major E-W route","Copious spring at foot of hill; perennial river","3.4 km radius; 3,632 ha",75.00,20.00,NULL,"Excavated by Marinatos"
124,"Mainline (land); 7 km to sea",NULL,NULL,"3.6 km radius; 4,071 ha",45.00,60.00,NULL,"Excavated by Marinatos"
125,"Secondary? (land); 12 km to sea","Commands difficult route linking Kyparissia River valley with interior to S and E","Copious springs 500 m NE","5.0 km radius; 7,854 ha",50.00,181.00,156,"Both pottery and location suggest “provincial” status"
126,"Secondary? (land); 20 km to sea",NULL,"Fair spring 300 m E-NE","4.2 km radius; 5,542 ha",45.00,20.00,195,NULL
127,"Secondary (land); 22 km to sea",NULL,"2 small springs in streambed","3.0 km radius; 2,827 ha",85.00,NULL,195,NULL
128,"Secondary (land); 24 km to sea","Possible river crossing","Small spring 900 m W-NW; Mavrozoumenos River flows around site (300 m E)","2.6 km radius; 2,124 ha",90.00,120.00,130,NULL
129,"Mainline (land); 24 km to sea","Commands S end of upper Pamisos Valley and major ancient and modern crossing of Mavrozoumenos River","River 1 km W","2.7 km radius; 2,290 ha",90.00,NULL,"52 (min.)",NULL
130,"Mainline (land); 22 km to sea","Controlled N-S traffic on E side of Pamisos Valley",NULL,"4.9 km radius; 5,027 ha",80.00,NULL,NULL,"Site first identified by Hood (1961)"
131,"Secondary (land); 24 km to sea",NULL,"Small spring at NW foot; another 1 km NW","3.1 km radius; 3,019 ha",65.00,NULL,39,NULL
132,"Secondary (land); 26 km to sea",NULL,"River immed. to S","4.2 km radius; 5,542 ha",85.00,NULL,NULL,NULL
133,"Secondary (land); 24 km to sea",NULL,"Good spring 500 m to N; small spring immed. to S","3.7 km radius; 4,301 ha",70.00,NULL,286,"Salvage by ephorate"
134,"Mainline (land); 27 km to sea","Controls major Leondari pass between Messenia and Lakonia",NULL,NULL,NULL,NULL,NULL,NULL
135,"Mainline (land); 21 km to sea","Controls (with #219) E end of pass from Steniklaros Valley to Soulima and Kyparissia River valley","Good springs","3.9 km radius; 4,778 ha",85.00,105.00,325,NULL
136,"Secondary? (land); 26 km to sea",NULL,"Copious (720 lpm) spring 200 m W; fair (11 lpm) spring 100 m E","4.3 km radius; 5,809 ha",65.00,7.00,78,"So-called Adriatic ware very prominent in surface collections"
137,"Secondary (land); 25 km to sea",NULL,"Copious spring 900 m E-NE","2.4 km radius; 1,810 ha",95.00,10.00,NULL,"Salvage of tomb contents by ephorate"
138,"Secondary (land); 22 km to sea","Commands access to NW extension of Pamisos Valley","Small spring on S flank","2.1 km radius; 1,385 ha",85.00,NULL,104,NULL
139,"Isolated (land); 21 km to sea",NULL,"Magnificent spring immed. to W","3.7 km radius; 4,301 ha",60.00,312.00,"1,170 (probably much too high for prehistoric)",NULL
140,"Isolated (land); 20 km to sea",NULL,"Two good springs 800 m S","3.0 km radius; 2,827 ha",60.00,20.00,65,NULL
141,"Secondary (land); 19 km to sea",NULL,"Good spring 700 m S-SW; two small springs closer to NW and SE","2.9 km radius; 2,642 ha",65.00,NULL,104,NULL
142,"Mainline (land); 20 km to sea","Commands (with #212) E end of pass from Steniklaros Valley to Soulima and Kyparissia River valley","Small spring 1 km SE","2.4 km radius; 1,810 ha",85.00,NULL,130,NULL
143,"Mainline (land); 20 km to sea",NULL,NULL,NULL,NULL,NULL,NULL,"Excavated by Valmin"
144,"Secondary (land); 18 km to sea",NULL,"Good spring immed. W","2.0 km radius; 1,257 ha",65.00,NULL,NULL,NULL
145,"Mainline (land); 17 km to sea","Commanding position on E-W route through Soulima Valley","Very copious (3,888 lpm) spring 1 km NW; good spring 1,100 m E; Klesouraïko River 1 km N","1.0 km radius; 314 ha",80.00,222.00,"143 (min.)","Very well-known site from Valmin's exploration and excavation"
146,"Mainline (land); 17 km to sea",NULL,"see #222","1.1 km radius; 380 ha",70.00,31.00,"390 (max.)","This was probably lower town connected with #222 in LH times; excavated by Valmin"
147,"Mainline (land); 16 km to sea","Magnificent Kokla spring must be that mentioned by Pausanias (4. 33. 7) and called Achaia; a natural resting place on E-W highway from Steniklaros Valley to W coast","see #222","2.4 km radius; 1,810 ha",80.00,145.00,130,"This site or #223 has at least as good a claim as #222 to be Homeric Dorion; salvage by Yalouris"
148,"Secondary (land); 15 km to sea","Strong defensive position with wide view to NE and SE","Good spring 800 m SE","2.3 km radius; 1,662 ha",70.00,107.00,104,NULL
149,"Secondary (land); 14 km to sea",NULL,"Copious spring at NW edge of village","2.2 km radius; 1,520 ha",60.00,114.00,NULL,NULL
150,"Secondary (land); 13 km to sea",NULL,"Good spring 2½ km S and higher (channel now runs under W flank of site)","2.0 km radius; 1,256 ha",80.00,90.00,52,NULL
151,"Mainline (land); 14 km to sea",NULL,"Four small springs within 500 m S and SW","2.7 km radius; 2,290 ha",90.00,NULL,195,NULL
152,"Mainline (land); 11 km to sea",NULL,"Good spring at SW foot; copious spring 800 m NE (source of Kyparissia River)","2.5 km radius; 1,963 ha",80.00,34.00,39,"Approximately on height of land in valley between Steniklaros Plain and west coast"
153,"Isolated (land); 9 km to sea","Lookout site over whole central valley","Good spring 300 m SE","3.3 km radius; 3,421 ha",45.00,32.00,104,NULL
154,"Secondary (land); 15 km to sea","Commanding location","Copious spring at E foot","3.9 km radius; 4,778 ha",80.00,226.00,234,NULL
155,"Isolated (land); 15 km to sea","Fine position for lookout to S","Good spring under chapel","4.7 km radius; 6,940 ha",65.00,52.00,NULL,NULL
156,"Mainline (land); 11 km to sea","H fortifications stress commanding position on E-W land route where route N to Figalia intersects",NULL,"2.2 km radius; 1,520 ha",95.00,NULL,"52 (min.)",NULL
157,"Mainline (land); 10 km to sea",NULL,NULL,NULL,NULL,NULL,NULL,"Excavated by Valmin"
158,"Mainline (land); 9 km to sea","Excellent command of E-W communications near height of land","Small spring on N slope","2.0 km radius; 1,257 ha",90.00,NULL,NULL,NULL
159,"Isolated (land); 9 km to sea",NULL,NULL,"1.7 km radius; 908 ha",90.00,NULL,156,NULL
160,"Secondary (land); 8 km to sea","Commands small valley to S and pass to N","Good springs close to NW and NE foot","2.6 km radius; 2,124 ha",90.00,22.00,"208 (min.)",NULL
161,"Secondary (land); 13 km to sea","Good view over valley to S","Good spring 700 m NE; small spring 600 m E","2.8 km radius; 2,246 ha",90.00,NULL,117,NULL
162,"Secondary (land); 5 km to sea","Magnificent view over W end of Kyparissia Valley","Copious spring 700 m W-NW; good spring 500 m N; small spring 500 m NW (both latter in bed of stream)","2.7 km radius; 2,290 ha",75.00,80.00,286,NULL
163,"Isolated (land); 8 km to sea","Commands E part of Avlon Valley and looks S through pass to Kyparissia Valley","Copious spring 1½ km E-SE; small springs at SW foot, 700 m E and 1 km SW","3.6 km radius; 4,071 ha",45.00,21.00,130,NULL
164,"Isolated (land); 7 km to sea","Dominates W part of Avlon Valley and pass to S toward Kyparissia","Fair spring 300 m NE; small spring 500 m SE","3.0 km radius; 2,827 ha",60.00,NULL,325,NULL
165,"Isolated (land); 5 km to sea","Commanding view in all directions (especially through gorge toward Kyparissia)","Fair spring 800 m SE","4.0 km radius; 5,027 ha",45.00,NULL,130,NULL
166,"Secondary (land); fair (sea), 2½ km",NULL,"Fair spring 700 m NE; second spring 1½ km E","3.2 km radius; 3,217 ha",60.00,99.00,78,"Seems to have replaced EH settlement (#246) that was on opposite side of river, somewhat lower and nearer sea"
167,"Mainline (land); fair (sea), 1½ km",NULL,"Several fair springs close to village; Tholo River","3.4 km radius; 3,632 ha",75.00,NULL,52,NULL
168,"Secondary (land); 6 km to sea","Dominates traffic through valley","Copious springs; river immed. SW","3.5 km radius; 3,845 ha",40.00,80.00,195,NULL
169,"Mainline (land); fair (sea), 1½ km","Situation at river mouth","Nedha River","2.2 km radius; 1,520 ha",70.00,NULL,52,"See comments on #243"
170,"Mainline (land); fair (sea), 2 km","Commanded N-S land traffic",NULL,"3.5 km radius; 3,848 ha",80.00,0.00,234,"Very important contents of LHII period from tholoi excavated by Dörpfeld"
171,"Mainline (land); fair (sea), 2 km",NULL,"Small spring at S foot","3.7 km radius; 4,301 ha",80.00,NULL,NULL,NULL
172,"Mainline (land); fair? (sea), 1 km","Controlled N-S land traffic; there was probably a lookout above, on heights of Ano Samikon",NULL,"3.9 km radius; 4,778 ha",40.00,5.00,195,"Burial tumulus excavated by Yalouris; LM Ia imports"
173,"Mainline (land); fair (sea), 2 km","Controls both pass to E (railroad) and narrow coastal strip to W (new highway); presumed ford(s) of Alpheios River directly N","Perennial Alpheios River","4.4 km radius; 6,082 ha",75.00,10.00,390,"Site suggested in AJA 1961, 228, for habitation connected with these cemeteries now unlikely as result of excavation and study by Themelis"
174,"Secondary? (land); excellent (sea)","Defensible acropolis near good harbor; if Pylian territory ever reached this far, tenable anchor for control of Alpheios mouth (N side)","Small spring at W foot","1.5 km radius; 707 ha",90.00,NULL,208,"Underwater exploration of partially submerged later town by Yalouris and colleagues"
175,"Secondary? (land); fair (sea)","Good lookout site in all directions",NULL,"2.8 km radius; 2,463 ha",95.00,NULL,65,NULL
176,"Secondary? (land); fair (sea), 1 km",NULL,NULL,"4 km radius; 5,026 ha",95.00,NULL,32,NULL
177,"Secondary (land); 8 km to sea","Near point where Alpheios Valley widens toward W","Small spring at S edge","4.8 km radius; 7,238 ha",80.00,NULL,130,NULL
178,"Secondary (land); 9 km to sea","Overlooks Alpheios Valley to S",NULL,"3.4 km radius; 3,632 ha",75.00,NULL,NULL,"Little evidence of prehistoric habitation; theory that Homeric Thryon here is untenable"
179,"Secondary (land); 11 km to sea",NULL,NULL,NULL,NULL,NULL,NULL,"Salvage by ephorate"
180,"8 km to sea",NULL,NULL,NULL,NULL,NULL,NULL,"Salvage by ephorate"
181,"Secondary (land); 8 km to sea",NULL,"Selinounda River ca. 500 m to E","2.5 km radius; 1,963 ha",80.00,0.00,NULL,"Salvage by ephorate; recent EH and MH evidence indicates prehistoric settlement as well as cemetery"
182,"Secondary (land); 7 km to sea","Strong defensive position with control of Alpheios crossing opposite Olympia","Good spring 700 m NE","3.0 km radius; 2,827 ha",90.00,NULL,104,"Salvage by ephorate and study by Themelis"
183,"Secondary (land); 10 km to sea","Near Alpheios crossing","Good spring 600 m NE; small spring at NW edge; Alpheios River 700 m N","2.3 km radius; 1,662 ha",70.00,NULL,91,"Apparently 2 distinct concentrations; Raza area cemetery?; excavation and study by Themelis"
184,"Secondary? (land); 11 km to sea",NULL,NULL,NULL,NULL,NULL,NULL,"Excavated by Yalouris"
185,"Mainline (land); 11 km to sea","Commands river crossing","Perennial rivers","1.0 km radius; 314 ha",75.00,NULL,NULL,"German Archaeological School excavating here since 1870s; until recently sparse evidence for LH habitation but now incontrovertible; possibly an important shrine in LH or even before"
186,"Secondary (land); 10 km to sea",NULL,NULL,NULL,NULL,NULL,NULL,"Salvage by ephorate"
187,"Secondary (land); 11 km to sea","Commands confluence of rivers","Perennial rivers","1.5 km radius; 707 ha",85.00,NULL,195,"Yalouris tested the site"
188,"Secondary? (land); 14 km to sea",NULL,NULL,NULL,NULL,NULL,NULL,"Salvage by ephorate"
189,"Secondary (land); 16 km to sea",NULL,NULL,NULL,NULL,NULL,NULL,NULL
190,"Secondary? (land); 15 km to sea","On N-S route via Lestenitsa Valley leading to interior of Elis","Fair spring below NE foot","5.0 km radius; 10,936 ha",70.00,NULL,78,NULL
191,"Mainline (land); 12 km to sea",NULL,"Kladheos River immed. to W","1.0 km radius; 314 ha",85.00,NULL,NULL,"Salvage by ephorate"
192,"Mainline (land); 12 km to sea",NULL,NULL,NULL,NULL,NULL,NULL,"Salvage by ephorate"
193,"Secondary (land); 13 km to sea",NULL,"Fair spring 800 m NE; Alpheios River 700 m S","2.9 km radius; 2,642 ha",60.00,NULL,65,"Some excavation on hilltop by Dörpfeld; excavation of cemetery by ephorate"
194,"Secondary (land); 14 km to sea",NULL,NULL,NULL,NULL,NULL,NULL,"Salvage by ephorate"
195,"Secondary (land); 16 km to sea",NULL,NULL,NULL,NULL,NULL,NULL,"Salvage by ephorate"
196,"Secondary (land); 18 km to sea",NULL,NULL,NULL,NULL,NULL,NULL,"Salvage by ephorate"
197,"Secondary (land); 16 km to sea",NULL,NULL,NULL,NULL,NULL,NULL,"Salvage by ephorate"
198,"Secondary (land); 16 km to sea",NULL,NULL,NULL,NULL,NULL,NULL,"Salvage by ephorate"
199,"Secondary? (land); 19 km to sea","Controls N end of important river crossing","Small spring 800 m NW; perennial rivers","4.5 km radius; 6,362 ha",70.00,NULL,390,"Apparently excavation on hilltop and local rumors of treasure" discovered""
200,"Mainline? (land); 29 km to sea","Controlled important routes",NULL,"5.0 km radius; 7,854 ha",40.00,NULL,NULL,NULL
201,"Secondary? (land); 16 km to sea","Controlled possible river crossing","Kovitsa River 800 m W; Alpheios River ca. 2 km N","5.0 km radius; 7,854 ha",70.00,159.00,169,"Salvage and excavation by ephorate"
202,"Secondary? (land); 17 km to sea","Controlled possible river crossing","2 good springs ca. 2 km N-NW","4.5 km radius; 6,362 ha",80.00,NULL,104,NULL
